,Unnamed: 0,Name,Region,state,summit_elev,vertical_drop,base_elev,trams,fastEight,fastSixes,fastQuads,quad,triple,double,surface,total_chairs,Runs,TerrainParks,LongestRun_mi,SkiableTerrain_ac,Snow Making_ac,daysOpenLastYear,yearsOpen,averageSnowfall,AdultWeekday,AdultWeekend,projectedDaysOpen,NightSkiing_ac,clusters
2,2,Hilltop Ski Area,Alaska,Alaska,2090,294,1796,0,0.0,0,0,0,1,0,2,3,13.0,1.0,1.0,30.0,30.0,150.0,36.0,69.0,30.0,34.0,152.0,30.0,0
4,4,Sunrise Park Resort,Arizona,Arizona,11100,1800,9200,0,0.0,0,1,2,3,1,0,7,65.0,2.0,1.2,800.0,80.0,115.0,49.0,250.0,74.0,78.0,104.0,80.0,1
5,5,Yosemite Ski & Snowboard Area,Northern California,California,7800,600,7200,0,0.0,0,0,0,1,3,1,5,10.0,2.0,0.4,88.0,174.87323943661968,110.0,84.0,300.0,47.0,47.0,107.0,0.0,1
8,8,Boreal Mountain Resort,Sierra Nevada,California,7700,500,7200,0,0.0,0,1,1,3,1,2,8,33.0,6.0,1.0,380.0,200.0,150.0,54.0,400.0,49.0,64.16681003584229,150.0,200.0,1
9,9,Dodge Ridge,Sierra Nevada,California,8200,1600,6600,0,0.0,0,0,1,2,5,4,12,67.0,5.0,2.0,862.0,174.87323943661968,115.10394265232976,69.0,350.0,78.0,78.0,140.0,0.0,1
10,10,Donner Ski Ranch,Sierra Nevada,California,8012,750,7031,0,0.0,0,0,0,1,5,2,8,52.0,2.0,1.5,505.0,60.0,163.0,82.0,400.0,75.0,75.0,170.0,0.0,1
12,12,June Mountain,Sierra Nevada,California,10090,2590,7545,0,0.0,0,2,0,0,4,1,7,41.0,2.0,2.0,1500.0,174.87323943661968,115.10394265232976,58.0,250.0,57.91695652173913,64.16681003584229,128.0,0.0,1
15,15,Mt. Shasta Ski Park,Sierra Nevada,California,6890,1435,5500,0,0.0,0,0,0,3,0,1,4,32.0,2.0,1.1,425.0,225.0,140.0,34.0,300.0,49.0,59.0,130.0,0.0,1
16,16,Mountain High,Sierra Nevada,California,8200,1600,6600,0,0.0,0,2,2,2,5,3,14,59.0,1.0,1.6,290.0,275.0,118.0,95.0,108.0,84.0,84.0,150.0,73.0,1
20,20,Ski China Peak,Sierra Nevada,California,8709,1679,7030,0,0.0,0,0,1,4,2,4,11,45.0,1.0,2.2,1400.0,150.0,140.0,62.0,300.0,83.0,83.0,144.0,0.0,1
21,21,Snow Summit,Sierra Nevada,California,8200,1200,7000,0,0.0,0,2,0,4,5,5,16,27.0,6.0,1.2,240.0,240.0,115.10394265232976,67.0,100.0,57.91695652173913,64.16681003584229,130.0,150.0,1
22,22,Snow Valley,Sierra Nevada,California,7841,1041,6800,0,0.0,0,0,0,5,6,1,12,28.0,6.0,1.2,240.0,188.0,111.0,82.0,160.0,69.0,79.0,143.0,164.0,1
23,23,Soda Springs,Sierra Nevada,California,7352,652,6700,0,0.0,0,0,0,1,1,2,4,18.0,0.0,0.4,200.0,20.0,150.0,83.0,400.0,50.0,50.0,144.0,0.0,1
25,25,Tahoe Donner,Sierra Nevada,California,7350,600,6750,0,0.0,0,0,1,1,0,3,5,14.0,2.0,1.0,120.0,174.87323943661968,150.0,48.0,400.0,69.0,69.0,144.0,0.0,1
37,37,Monarch Mountain,Colorado,Colorado,11952,1162,10790,0,0.0,0,0,1,0,4,2,7,64.0,2.0,1.0,800.0,174.87323943661968,143.0,80.0,350.0,89.0,89.0,136.0,0.0,1
38,38,Powderhorn,Colorado,Colorado,9850,1650,8200,0,0.0,0,1,0,0,2,2,5,42.0,2.0,1.5,1600.0,42.0,111.0,53.0,250.0,71.0,71.0,110.0,0.0,1
40,40,Cooper,Colorado,Colorado,11700,1200,10500,0,0.0,0,0,0,1,1,2,4,41.0,1.0,1.0,400.0,174.87323943661968,130.0,74.0,260.0,56.0,56.0,130.0,0.0,1
41,41,Ski Granby Ranch,Colorado,Colorado,9202,1000,8202,0,0.0,0,2,0,1,1,1,5,40.0,1.0,0.6,406.0,170.0,116.0,36.0,220.0,84.0,84.0,92.0,100.0,1
43,43,Sunlight Mountain Resort,Colorado,Colorado,9895,2010,7885,0,0.0,0,0,0,1,2,0,3,67.0,1.0,2.5,680.0,30.0,100.0,53.0,250.0,65.0,65.0,135.0,0.0,1
48,48,Mohawk Mountain,Connecticut,Connecticut,1600,650,950,0,0.0,0,0,0,5,0,3,8,25.0,0.0,1.5,107.0,100.0,115.10394265232976,72.0,92.0,30.0,65.0,110.0,64.0,0
49,49,Mount Southington Ski Area,Connecticut,Connecticut,525,425,100,0,0.0,0,0,0,2,2,3,7,14.0,2.0,0.3,51.0,51.0,63.0,55.0,80.0,60.0,60.0,95.0,51.0,0
50,50,Powder Ridge Park,Connecticut,Connecticut,720,550,170,0,0.0,0,0,0,1,2,2,5,19.0,4.0,0.5,80.0,68.0,80.0,60.0,80.0,45.0,55.0,100.0,40.0,0
51,51,Ski Sundown,Connecticut,Connecticut,1075,625,450,0,0.0,0,0,0,3,0,2,5,16.0,2.0,1.0,70.0,70.0,84.0,50.0,45.0,62.0,62.0,95.0,66.0,0
52,52,Woodbury Ski Area,Connecticut,Connecticut,730,300,430,0,0.0,0,0,0,0,1,4,5,12.0,2.0,0.2,50.0,50.0,126.0,57.0,70.0,42.0,42.0,180.0,35.0,0
55,55,Kelly Canyon Ski Area,Idaho,Idaho,6600,1000,5600,0,0.0,0,0,0,0,4,2,6,51.0,1.0,1.3,740.0,174.87323943661968,115.10394265232976,62.0,200.0,57.91695652173913,42.0,120.0530035335689,0.0,1
56,56,Lookout Pass Ski Area,Idaho,Idaho,5650,1150,4500,0,0.0,0,0,0,1,3,0,4,35.0,2.0,1.5,540.0,174.87323943661968,113.0,84.0,400.0,44.0,47.0,140.0,0.0,2
57,57,Magic Mountain Ski Area,Idaho,Idaho,7200,700,6500,0,0.0,0,0,0,0,1,2,3,11.0,0.0,1.5,280.0,174.87323943661968,65.0,81.0,180.0,32.0,32.0,70.0,0.0,1
58,58,Pebble Creek Ski Area,Idaho,Idaho,8560,2200,6360,0,0.0,0,0,0,3,0,0,3,54.0,2.0,1.3,1100.0,30.0,85.0,70.0,250.0,47.0,47.0,91.0,30.0,1
59,59,Pomerelle Mountain Resort,Idaho,Idaho,9000,1000,8000,0,0.0,0,0,0,1,1,1,3,24.0,2.0,1.5,500.0,50.0,138.0,56.0,500.0,57.91695652173913,64.16681003584229,138.0,100.0,1
62,62,Soldier Mountain Ski Area,Idaho,Idaho,7200,1400,5800,0,0.0,0,0,0,0,2,1,3,36.0,0.0,0.4,1142.0,174.87323943661968,60.0,71.0,185.31645569620247,43.0,43.0,120.0530035335689,0.0,1
65,65,Chestnut Mountain Resort,Illinois,Illinois,1040,475,565,0,0.0,0,0,2,4,0,3,9,22.0,3.0,0.2,139.0,139.0,87.0,60.0,50.0,40.0,55.0,112.0,139.0,0
67,67,Ski Snowstar Winter Sports Park,Illinois,Illinois,790,262,528,0,0.0,0,0,2,0,2,2,6,15.0,1.0,0.8,28.0,28.0,56.0,38.0,38.0,25.0,35.0,86.0,28.0,0
68,68,Villa Olivia,Illinois,Illinois,500,180,320,0,0.0,0,0,1,0,0,6,7,7.0,1.0,0.1,15.0,15.0,115.10394265232976,53.0,25.0,40.0,40.0,70.0,15.0,0
69,69,Paoli Peaks,Indiana,Indiana,900,300,600,0,0.0,0,1,1,3,1,2,8,15.0,2.0,0.4,65.0,65.0,75.0,41.0,18.0,38.0,45.0,80.0,65.0,0
70,70,Perfect North Slopes,Indiana,Indiana,800,400,400,0,0.0,0,0,2,3,0,6,11,23.0,2.0,1.0,100.0,100.0,82.0,39.0,24.0,52.0,52.0,90.0,100.0,0
71,71,Mt. Crescent Ski Area,Iowa,Iowa,1500,300,1200,0,0.0,0,0,1,0,1,0,2,11.0,1.0,0.2,50.0,50.0,115.10394265232976,58.0,30.0,29.0,39.0,120.0530035335689,50.0,0
72,72,Seven Oaks,Iowa,Iowa,975,275,800,0,0.0,0,0,0,2,0,2,4,11.0,2.0,1.0,35.0,35.0,100.0,22.0,40.0,40.0,40.0,100.0,35.0,0
73,73,Sundown Mountain,Iowa,Iowa,1059,475,584,0,0.0,0,0,1,1,2,2,6,21.0,2.0,0.6,55.0,55.0,115.10394265232976,46.0,45.0,38.0,46.0,120.0530035335689,55.0,0
75,75,Camden Snow Bowl,Maine,Maine,1080,850,150,0,0.0,0,0,0,1,1,1,3,26.0,2.0,1.0,100.0,48.0,68.0,83.0,69.0,33.0,43.0,70.0,48.0,0
76,76,Lost Valley,Maine,Maine,495,240,255,0,0.0,0,0,0,0,2,2,4,22.0,2.0,0.3,45.0,45.0,87.0,58.0,50.0,29.0,55.0,104.0,45.0,0
77,77,Mt. Abram Ski Resort,Maine,Maine,2250,1150,1050,0,0.0,0,0,0,0,2,3,5,54.0,1.0,0.5,640.0,175.0,120.0,59.0,125.0,29.0,49.0,120.0,0.0,0
79,79,New Hermon Mountain,Maine,Maine,450,350,100,0,0.0,0,0,0,0,1,2,3,20.0,0.0,1.9,70.0,70.0,102.0,55.0,90.0,32.0,32.0,117.0,45.0,0
80,80,Shawnee Peak,Maine,Maine,1900,1350,600,0,0.0,0,0,1,2,1,2,6,43.0,3.0,0.8,239.0,234.0,97.0,81.0,110.0,55.0,75.0,103.0,110.0,0
83,83,Wisp,Maryland,Maryland,3115,700,2415,0,0.0,0,0,2,5,0,5,12,34.0,3.0,1.5,172.0,118.0,121.0,64.0,100.0,59.0,79.0,120.0,118.0,2
84,84,Berkshire East,Massachusetts,Massachusetts,1720,1180,540,0,0.0,0,0,2,1,1,2,6,47.0,2.0,2.0,180.0,165.0,120.0,68.0,120.0,48.0,68.0,120.0,80.0,0
85,85,Blandford Ski Area,Massachusetts,Massachusetts,1685,465,1035,0,0.0,0,0,0,0,3,2,5,29.0,2.0,0.5,132.0,70.0,115.10394265232976,83.0,50.0,20.0,45.0,120.0530035335689,70.0,0
91,91,Otis Ridge Ski Area,Massachusetts,Massachusetts,1700,400,1300,0,0.0,0,0,0,0,1,3,4,11.0,1.0,1.0,60.0,55.0,106.0,73.0,70.0,20.0,40.0,106.0,35.0,0
93,93,Ski Ward,Massachusetts,Massachusetts,420,210,210,0,0.0,0,0,0,1,0,3,4,11.0,1.0,0.2,45.0,45.0,105.0,50.0,80.0,57.91695652173913,64.16681003584229,120.0,38.0,0
95,95,Alpine Valley Ski Area,Michigan,Michigan,500,240,126,0,0.0,0,0,1,2,5,6,14,25.0,3.0,0.2,100.0,100.0,115.10394265232976,57.0,20.0,39.0,47.0,120.0530035335689,100.0,0
96,96,Apple Mountain,Michigan,Michigan,820,220,600,0,0.0,0,0,1,0,0,5,6,12.0,0.0,1.433230769230769,80.0,42.0,115.10394265232976,58.0,52.0,35.0,35.0,120.0530035335689,80.0,0
99,99,Big Snow Resort - Blackjack,Michigan,Michigan,850,465,385,0,0.0,0,0,0,0,4,2,6,26.0,2.0,1.0,170.0,86.0,95.0,42.0,210.0,49.0,65.0,115.0,0.0,0
102,102,Caberfae Peaks,Michigan,Michigan,1569,485,1060,0,0.0,0,0,1,2,1,1,5,34.0,2.0,1.2,200.0,200.0,118.0,82.0,140.0,39.0,49.0,130.0,150.0,0
105,105,Big Snow Resort - Indianhead Mountain,Michigan,Michigan,1935,638,1297,0,0.0,0,0,1,1,5,2,9,32.0,2.0,1.0,240.0,150.0,120.0,60.0,204.0,49.0,49.0,120.0,0.0,0
106,106,Marquette Mountain,Michigan,Michigan,1357,600,757,0,0.0,0,0,0,1,2,1,4,35.0,3.0,0.7,169.0,143.0,139.0,60.0,210.0,57.91695652173913,64.16681003584229,135.0,89.0,0
107,107,Mont Ripley,Michigan,Michigan,1140,440,700,0,0.0,0,0,0,0,2,2,4,25.0,2.0,0.8,112.0,112.0,114.0,83.0,275.0,49.0,49.0,100.0,100.0,0
110,110,Mt. Holiday Ski Area,Michigan,Michigan,440,200,240,0,0.0,0,0,0,0,2,2,4,12.0,0.0,0.1,45.0,45.0,100.0,70.0,120.0,22.0,34.0,90.0,45.0,0
111,111,Mount Holly,Michigan,Michigan,1105,350,755,0,0.0,0,1,2,3,1,6,13,19.0,0.0,0.1,100.0,100.0,115.10394265232976,63.0,42.0,37.0,45.0,102.0,100.0,0
113,113,Norway Mountain,Michigan,Michigan,1335,500,835,0,0.0,0,0,0,1,2,3,6,17.0,1.0,1.4,186.0,186.0,110.0,45.0,100.0,57.91695652173913,45.0,110.0,40.0,0
116,116,Pine Mountain,Michigan,Michigan,1650,500,1150,0,0.0,0,0,0,1,2,1,4,28.0,1.0,0.5,160.0,160.0,110.0,80.0,60.0,57.91695652173913,45.0,126.0,80.0,0
119,119,Snow Snake Mountain Ski Area,Michigan,Michigan,1230,210,1020,0,0.0,0,0,0,1,0,5,6,12.0,2.0,0.0,40.0,40.0,115.10394265232976,72.0,185.31645569620247,30.0,35.0,120.0530035335689,40.0,0
120,120,Swiss Valley,Michigan,Michigan,1200,225,975,0,0.0,0,0,2,1,0,4,7,11.0,2.0,0.1,60.0,60.0,89.0,51.0,60.0,32.0,42.0,80.0,60.0,0
122,122,Timber Ridge,Michigan,Michigan,850,250,600,0,0.0,0,0,1,1,2,4,8,16.0,2.0,0.3,50.0,50.0,80.0,58.0,185.31645569620247,35.0,45.0,120.0530035335689,50.0,0
123,123,Treetops Resort,Michigan,Michigan,1345,225,1120,0,0.0,0,0,0,3,0,2,5,23.0,3.0,0.2,80.0,80.0,63.0,65.0,175.0,57.91695652173913,64.16681003584229,101.0,80.0,0
125,125,Andes Tower Hills Ski Area,Minnesota,Minnesota,1620,290,1330,0,0.0,0,0,1,2,0,3,6,15.0,2.0,0.2,35.0,35.0,100.0,38.0,55.0,45.0,45.0,110.0,35.0,0
126,126,Buck Hill,Minnesota,Minnesota,1225,309,919,0,0.0,0,0,2,1,0,5,8,16.0,0.0,0.2,45.0,45.0,115.0,65.0,60.0,34.0,47.0,112.0,45.0,0
127,127,Buena Vista Ski Area,Minnesota,Minnesota,1510,230,1280,0,0.0,0,0,0,2,2,2,6,17.0,0.0,0.3,30.0,30.0,57.0,70.0,78.0,44.0,44.0,60.0,30.0,0
128,128,Coffee Mill Ski & Snowboard Resort,Minnesota,Minnesota,1150,425,725,0,0.0,0,0,0,0,2,1,3,14.0,1.0,1.0,40.0,35.0,57.0,39.0,48.0,23.0,37.0,56.0,35.0,0
130,130,Giants Ridge Resort,Minnesota,Minnesota,1972,500,1472,0,0.0,0,1,1,1,2,2,7,35.0,2.0,0.8,202.0,202.0,120.0,35.0,85.0,49.0,58.0,125.0,121.0,0
131,131,Hyland Ski & Snowboard Area,Minnesota,Minnesota,1075,175,900,0,0.0,0,0,2,1,0,5,8,14.0,1.0,1.0,35.0,35.0,110.0,61.0,55.0,35.34,35.34,115.0,35.0,0
134,134,Powder Ridge Ski Area,Minnesota,Minnesota,790,300,500,0,0.0,0,0,1,0,2,3,6,15.0,4.0,1.433230769230769,60.0,60.0,97.0,58.0,45.0,36.0,48.0,113.0,60.0,0
135,135,Spirit Mountain,Minnesota,Minnesota,1320,700,620,0,0.0,0,1,1,2,1,2,7,22.0,3.0,1.0,175.0,175.0,100.0,45.0,100.0,59.0,59.0,125.0,144.0,0
138,138,Hidden Valley Ski Area,Missouri,Missouri,2566,310,2316,0,0.0,0,0,2,2,0,3,7,17.0,0.0,0.1,30.0,30.0,115.10394265232976,37.0,26.0,49.0,49.0,120.0530035335689,17.0,0
139,139,Snow Creek,Missouri,Missouri,1100,300,800,0,0.0,0,0,0,2,1,2,5,14.0,2.0,0.3,30.0,30.0,69.0,33.0,20.0,37.0,47.0,85.0,30.0,0
144,144,Great Divide,Montana,Montana,7330,1580,5750,0,0.0,0,0,0,0,5,1,6,110.0,6.0,3.0,1600.0,150.0,94.0,78.0,180.0,48.0,48.0,100.0,100.0,1
146,146,Maverick Mountain,Montana,Montana,8520,2020,6500,0,0.0,0,0,0,0,1,1,2,22.0,0.0,1.3,255.0,174.87323943661968,115.10394265232976,83.0,160.0,39.0,39.0,120.0530035335689,0.0,1
147,147,Montana Snowbowl,Montana,Montana,7600,2600,5000,0,0.0,0,0,0,0,2,2,4,37.0,0.0,1.2,950.0,20.0,115.10394265232976,58.0,300.0,50.0,50.0,120.0530035335689,10.0,1
149,149,Showdown Montana,Montana,Montana,8200,1400,6800,0,0.0,0,0,0,1,2,1,4,36.0,1.0,1.8,640.0,174.87323943661968,86.0,83.0,250.0,47.0,47.0,85.0,0.0,1
154,154,Lee Canyon,Nevada,Nevada,11289,860,8510,0,0.0,0,0,2,1,0,0,3,24.0,1.0,0.3,195.0,50.0,144.0,56.0,161.0,70.0,70.0,150.0,0.0,1
156,156,Attitash,New Hampshire,New Hampshire,2350,1750,600,0,0.0,0,2,1,3,2,1,9,68.0,3.0,3.0,311.0,240.0,115.0,54.0,120.0,79.0,89.0,130.0,0.0,0
157,157,Black Mountain,New Hampshire,New Hampshire,2350,1100,1250,0,0.0,0,0,0,1,1,3,5,45.0,0.0,1.6,143.0,120.0,110.0,84.0,125.0,45.0,59.0,107.0,0.0,0
160,160,Cranmore Mountain Resort,New Hampshire,New Hampshire,2000,1200,600,0,0.0,0,1,1,2,1,2,7,57.0,4.0,1.0,200.0,192.0,107.0,82.0,150.0,57.91695652173913,64.16681003584229,128.0,0.0,0
162,162,Dartmouth Skiway,New Hampshire,New Hampshire,1943,969,974,0,0.0,0,0,1,0,1,2,4,28.0,1.0,1.1,107.0,54.0,104.0,63.0,100.0,50.0,50.0,105.0,0.0,0
163,163,Gunstock,New Hampshire,New Hampshire,2300,1400,900,0,0.0,0,1,2,2,0,1,6,55.0,4.0,1.5,227.0,176.0,106.0,82.0,120.0,80.0,92.0,120.0530035335689,60.0,0
164,164,King Pine,New Hampshire,New Hampshire,850,350,500,0,0.0,0,0,0,3,0,3,6,17.0,2.0,0.3,48.0,45.0,105.0,57.0,120.0,42.0,58.0,107.0,23.0,0
166,166,Mount Sunapee,New Hampshire,New Hampshire,2743,1510,1233,0,0.0,0,2,1,2,1,4,10,66.0,4.0,0.8,232.0,215.0,130.0,71.0,100.0,83.0,93.0,136.0,0.0,2
167,167,Pats Peak,New Hampshire,New Hampshire,1460,770,690,0,0.0,0,0,0,4,2,5,11,28.0,3.0,1.5,115.0,115.0,109.0,56.0,100.0,58.0,72.0,112.0,93.0,0
169,169,Waterville Valley,New Hampshire,New Hampshire,4004,2020,1984,0,0.0,0,2,0,2,3,4,11,62.0,4.0,1.9,265.0,220.0,142.0,54.0,148.0,79.0,93.0,142.0,0.0,2
170,170,Whaleback Mountain,New Hampshire,New Hampshire,1800,700,1100,0,0.0,0,0,0,0,1,3,4,30.0,1.0,1.0,85.0,60.0,105.0,64.0,110.0,30.0,45.0,105.0,55.0,0
171,171,Wildcat Mountain,New Hampshire,New Hampshire,4062,2112,1950,0,0.0,0,1,0,3,0,1,5,48.0,0.0,2.8,225.0,200.0,156.0,61.0,200.0,79.0,89.0,150.0,0.0,2
172,172,Campgaw Mountain,New Jersey,New Jersey,726,274,450,0,0.0,0,0,0,0,2,3,5,12.0,1.0,0.3,23.0,23.0,80.0,58.0,45.0,57.91695652173913,64.16681003584229,120.0530035335689,14.0,0
174,174,Angel Fire Resort,New Mexico,New Mexico,10677,2077,8600,0,0.0,0,2,0,0,3,2,7,81.0,3.0,3.0,560.0,230.0,101.0,53.0,210.0,77.0,77.0,101.0,50.0,1
175,175,Enchanted Forest Ski Area,New Mexico,New Mexico,10078,400,9820,0,0.0,0,0,0,0,0,0,0,33.0,0.0,2.5,600.0,174.87323943661968,130.0,34.0,240.0,20.0,20.0,140.0,0.0,1
176,176,Pajarito Mountain Ski Area,New Mexico,New Mexico,10441,1410,9031,0,0.0,0,0,1,1,3,1,6,45.0,2.0,0.6,750.0,35.0,89.0,62.0,163.0,49.0,49.0,117.0,0.0,1
177,177,Red River,New Mexico,New Mexico,10350,1600,8750,0,0.0,0,0,1,3,1,2,7,63.0,3.0,2.5,209.0,174.87323943661968,110.0,60.0,214.0,79.0,79.0,120.0530035335689,0.0,1
179,179,Sipapu Ski Resort,New Mexico,New Mexico,9255,1055,8200,0,0.0,0,0,1,2,0,3,6,42.0,4.0,0.5,200.0,140.0,127.0,67.0,190.0,47.0,47.0,143.0,0.0,1
181,181,Ski Santa Fe,New Mexico,New Mexico,12075,1725,10350,0,0.0,0,0,1,2,2,2,7,83.0,1.0,3.0,660.0,275.0,107.0,73.0,225.0,80.0,80.0,130.0,0.0,1
185,185,Bristol Mountain,New York,New York,2200,1200,1000,0,0.0,0,2,1,1,1,1,6,34.0,3.0,2.0,160.0,148.0,129.0,55.0,60.0,65.0,76.0,129.0,154.0,0
187,187,Catamount,New York,New York,2000,1000,1000,0,0.0,0,0,1,1,2,3,7,36.0,5.0,2.0,133.0,130.0,100.0,80.0,108.0,38.0,69.0,90.0,55.0,0
188,188,Dry Hill Ski Area,New York,New York,950,300,650,0,0.0,0,0,0,0,1,2,3,7.0,1.0,0.2,35.0,26.0,115.10394265232976,55.0,125.0,57.91695652173913,35.0,120.0530035335689,26.0,0
190,190,Greek Peak,New York,New York,2100,952,1148,0,0.0,0,0,1,1,4,2,8,56.0,4.0,1.5,220.0,184.0,110.0,62.0,122.0,49.0,63.2,113.0,175.0,0
191,191,Holiday Mountain,New York,New York,1550,400,1150,0,0.0,0,0,1,0,1,2,4,9.0,0.0,0.4,37.0,37.0,75.0,60.0,50.0,27.0,42.0,85.0,37.0,0
193,193,Holimont Ski Area,New York,New York,2260,700,1560,0,0.0,0,1,1,2,3,1,8,53.0,3.0,1.5,135.0,135.0,110.0,57.0,180.0,62.0,75.0,119.0,0.0,0
197,197,Labrador Mt.,New York,New York,1825,700,1125,0,0.0,0,0,0,1,2,1,4,23.0,1.0,1.0,250.0,237.0,115.10394265232976,62.0,125.0,59.0,59.0,100.0,180.0,0
198,198,Maple Ski Ridge,New York,New York,1200,450,750,0,0.0,0,0,0,1,1,1,3,10.0,0.0,0.3,25.0,25.0,115.10394265232976,57.0,185.31645569620247,26.0,38.0,120.0530035335689,20.0,0
199,199,McCauley Mountain Ski Center,New York,New York,2250,633,1563,0,0.0,0,0,0,0,1,4,5,23.0,1.0,0.3,70.0,55.0,105.0,61.0,200.0,20.0,30.0,105.0,0.0,0
200,200,Mount Peter Ski Area,New York,New York,1250,450,750,0,0.0,0,0,1,0,2,2,5,14.0,1.0,1.0,69.0,69.0,100.0,83.0,50.0,35.0,54.0,100.0,69.0,0
201,201,Oak Mountain,New York,New York,2400,650,1750,0,0.0,0,0,1,0,0,3,4,22.0,1.0,1.2,46.0,18.0,115.10394265232976,71.0,120.0,40.0,40.0,120.0530035335689,12.0,0
203,203,Plattekill Mountain,New York,New York,3500,1100,2400,0,0.0,0,0,0,1,1,2,4,38.0,1.0,2.0,110.0,75.0,65.0,26.0,175.0,50.0,67.0,65.0,0.0,2
204,204,Royal Mountain Ski Area,New York,New York,1800,550,1250,0,0.0,0,0,0,0,3,0,3,14.0,0.0,0.3,35.0,28.0,115.10394265232976,63.0,90.0,45.0,45.0,120.0530035335689,0.0,0
205,205,Snow Ridge,New York,New York,2000,650,1350,0,0.0,0,0,0,0,4,2,6,21.0,2.0,0.8,130.0,65.0,73.0,74.0,230.0,38.0,48.0,100.0,40.0,0
206,206,Song Mountain,New York,New York,1940,700,1240,0,0.0,0,0,0,1,1,3,5,24.0,0.0,0.4,93.0,70.0,90.0,55.0,125.0,59.0,59.0,122.0,70.0,0
208,208,Thunder Ridge,New York,New York,1270,500,770,0,0.0,0,0,0,1,2,3,6,30.0,0.0,0.4,100.0,100.0,121.0,60.0,185.31645569620247,57.91695652173913,57.0,121.0,100.0,0
209,209,Titus Mountain,New York,New York,2025,1200,825,0,0.0,0,0,0,2,6,2,10,50.0,3.0,2.0,200.0,150.0,101.0,59.0,150.0,39.0,49.0,100.0,70.0,0
210,210,Toggenburg Mountain,New York,New York,2000,700,1300,0,0.0,0,0,0,1,1,3,5,22.0,2.0,0.4,85.0,174.87323943661968,115.10394265232976,66.0,130.0,55.0,55.0,122.0,73.0,0
211,211,West Mountain,New York,New York,1470,1010,460,0,0.0,0,0,0,1,2,2,5,29.0,1.0,0.6,124.0,105.0,115.10394265232976,58.0,80.0,49.0,59.0,120.0,105.0,0
215,215,Woods Valley Ski Area,New York,New York,1400,500,900,0,0.0,0,0,0,0,2,4,6,21.0,0.0,0.3,25.0,16.0,115.10394265232976,55.0,180.0,31.0,39.0,120.0530035335689,15.0,0
216,216,Appalachian Ski Mountain,North Carolina,North Carolina,4000,365,3635,0,0.0,0,0,2,0,1,2,5,12.0,3.0,0.5,27.0,27.0,100.0,57.0,50.0,40.0,64.0,100.0,27.0,2
217,217,Cataloochee Ski Area,North Carolina,North Carolina,5400,740,4660,0,0.0,0,0,1,1,1,2,5,18.0,2.0,1.0,50.0,50.0,141.0,58.0,50.0,43.0,70.0,108.0,50.0,2
221,221,Wolf Ridge Ski Resort,North Carolina,North Carolina,4700,720,4000,0,0.0,0,0,1,0,1,2,4,15.0,1.0,0.6,65.0,65.0,115.10394265232976,49.0,65.0,42.0,65.0,100.0,60.0,2
222,222,Alpine Valley,Ohio,Ohio,1500,230,1260,0,0.0,0,0,1,2,1,1,5,11.0,1.0,0.2,72.0,72.0,105.0,53.0,120.0,43.0,43.0,120.0530035335689,72.0,0
223,223,Boston Mills,Ohio,Ohio,871,264,631,0,0.0,0,0,0,4,2,2,8,7.0,2.0,0.3,40.0,40.0,92.0,56.0,51.0,44.0,44.0,110.0,40.0,0
225,225,Mad River Mountain,Ohio,Ohio,1460,300,1160,0,0.0,0,0,1,2,3,6,12,20.0,4.0,0.5,144.0,144.0,99.0,57.0,36.0,39.0,44.0,90.0,144.0,0
226,226,Snow Trails,Ohio,Ohio,1475,301,1174,0,0.0,0,0,0,4,2,3,9,17.0,3.0,0.2,80.0,80.0,101.0,58.0,50.0,41.0,52.0,70.0,80.0,0
227,227,Anthony Lakes Mountain Resort,Oregon,Oregon,8000,900,7100,0,0.0,0,0,0,1,0,2,3,21.0,2.0,1.5,1100.0,174.87323943661968,75.0,56.0,300.0,40.0,40.0,80.0,0.0,1
228,228,Cooper Spur,Mt. Hood,Oregon,4000,350,3500,0,0.0,0,0,0,0,1,1,2,10.0,0.0,0.1,50.0,174.87323943661968,78.0,66.0,100.0,39.0,39.0,90.0,0.0,2
230,230,Mt. Ashland,Oregon,Oregon,7533,1150,6383,0,0.0,0,0,0,2,2,1,5,23.0,2.0,1.0,220.0,174.87323943661968,94.0,55.0,300.0,45.0,52.0,92.0,40.0,1
238,238,Ski Big Bear,Pennsylvania,Pennsylvania,1250,650,600,0,0.0,0,0,0,0,4,2,6,18.0,1.0,1.5,26.0,26.0,75.0,43.0,69.0,50.0,62.0,75.0,26.0,0
240,240,Blue Knob,Pennsylvania,Pennsylvania,3146,1072,2074,0,0.0,0,0,0,2,2,2,6,34.0,1.0,2.0,100.0,84.0,87.0,56.0,120.0,43.0,68.0,105.0,42.0,2
242,242,Camelback Mountain Resort,Pennsylvania,Pennsylvania,2100,800,1250,0,0.0,0,2,0,3,5,6,16,37.0,5.0,1.0,166.0,166.0,100.0,56.0,50.0,55.0,70.0,100.0,160.0,0
244,244,Elk Mountain Ski Resort,Pennsylvania,Pennsylvania,2693,1000,1693,0,0.0,0,0,1,0,5,1,7,27.0,2.0,0.7,180.0,146.0,115.10394265232976,60.0,60.0,55.0,69.0,100.0,90.0,2
245,245,Jack Frost,Pennsylvania,Pennsylvania,2000,600,1400,0,0.0,0,0,1,2,5,1,9,20.0,1.0,1.0,100.0,100.0,96.0,47.0,50.0,50.0,65.0,105.0,0.0,0
247,247,Mount Pleasant of Edinboro,Pennsylvania,Pennsylvania,1540,340,1200,0,0.0,0,0,0,1,0,1,2,10.0,0.0,0.5,40.0,35.0,75.0,48.0,100.0,30.0,33.0,90.0,35.0,0
250,250,Shawnee Mountain Ski Area,Pennsylvania,Pennsylvania,1350,700,650,0,0.0,0,1,1,0,4,4,10,23.0,2.0,1.6,125.0,125.0,100.0,44.0,50.0,55.0,65.0,122.0,120.0,0
251,251,Ski Sawmill,Pennsylvania,Pennsylvania,2215,515,1700,0,0.0,0,0,0,1,1,3,5,14.0,1.0,0.1,15.0,13.0,115.10394265232976,50.0,24.0,30.0,44.0,90.0,15.0,0
252,252,Montage Mountain,Pennsylvania,Pennsylvania,1960,1000,960,0,0.0,0,0,1,3,1,2,7,26.0,1.0,1.2,140.0,140.0,60.0,35.0,47.0,67.0,64.16681003584229,90.0,140.0,0
253,253,Spring Mountain Ski Area,Pennsylvania,Pennsylvania,528,450,78,0,0.0,0,0,0,1,3,2,6,9.0,1.0,0.2,45.0,45.0,100.0,56.0,20.0,57.91695652173913,64.16681003584229,100.0,45.0,0
254,254,Tussey Mountain,Pennsylvania,Pennsylvania,1750,520,1230,0,0.0,0,0,1,0,1,3,5,8.0,1.0,0.3,38.0,30.0,100.0,39.0,41.0,40.0,45.0,100.0,30.0,0
256,256,Yawgoo Valley,Rhode Island,Rhode Island,315,245,70,0,0.0,0,0,0,0,2,2,4,13.0,1.0,0.2,30.0,30.0,100.0,54.0,40.0,57.91695652173913,64.16681003584229,100.0,30.0,0
257,257,Deer Mountain Ski Resort,South Dakota,South Dakota,6850,940,6040,0,0.0,0,0,0,1,1,2,4,63.0,2.0,1.6,500.0,50.0,69.0,51.0,200.0,45.0,45.0,81.0,0.0,1
259,259,Ober Gatlinburg Ski Resort,Tennessee,Tennessee,3300,600,2700,0,0.0,0,0,2,0,1,1,4,10.0,1.0,1.0,739.8012232415903,174.87323943661968,83.0,44.0,35.0,36.0,65.0,94.0,0.0,2
261,261,Beaver Mountain,Utah,Utah,8600,1600,7232,0,0.0,0,0,0,1,3,1,5,48.0,2.0,0.8,464.0,174.87323943661968,120.0,81.0,400.0,50.0,50.0,120.0,0.0,1
271,271,Sundance,Utah,Utah,8250,2150,6100,0,0.0,0,0,2,2,0,1,5,45.0,1.0,0.6,450.0,112.0,128.0,50.0,320.0,80.0,80.0,129.0,0.0,1
272,272,Nordic Valley Resort,Utah,Utah,6400,960,5440,0,0.0,0,0,0,0,2,2,4,23.0,1.0,0.4,140.0,84.0,105.0,51.0,300.0,45.0,50.0,105.0,140.0,1
273,273,Bolton Valley,Vermont,Vermont,3150,1704,1446,0,0.0,0,0,2,0,3,1,6,71.0,3.0,0.6,300.0,90.0,133.0,53.0,300.0,69.0,79.0,132.0,50.0,2
274,274,Bromley Mountain,Vermont,Vermont,3284,1334,1950,0,0.0,0,1,1,0,4,3,9,47.0,1.0,2.5,178.0,153.0,115.10394265232976,83.0,168.0,87.0,91.0,152.0,0.0,2
275,275,Burke Mountain,Vermont,Vermont,3267,2011,1210,0,0.0,0,2,1,0,0,3,6,50.0,3.0,2.2,178.0,125.0,110.0,62.0,217.0,73.0,73.0,125.0,0.0,2
278,278,Mad River Glen,Vermont,Vermont,3637,2037,1600,0,0.0,0,0,0,2,2,1,5,52.0,0.0,1.0,115.0,16.0,134.0,71.0,228.0,57.91695652173913,64.16681003584229,135.0,0.0,2
279,279,Magic Mountain,Vermont,Vermont,2850,1500,1350,0,0.0,0,0,0,0,3,3,6,50.0,1.0,1.6,205.0,95.0,76.0,59.0,150.0,74.0,74.0,80.0,0.0,2
282,282,Pico Mountain,Vermont,Vermont,3967,1967,2000,0,0.0,0,2,0,2,2,1,7,59.0,1.0,4.0,260.0,156.0,115.10394265232976,82.0,250.0,81.0,81.0,120.0530035335689,0.0,2
283,283,Smugglers' Notch Resort,Vermont,Vermont,3640,2610,1030,0,0.0,0,0,0,0,6,2,8,78.0,6.0,3.0,1000.0,192.0,136.0,63.0,280.0,79.0,79.0,135.0,0.0,2
287,287,Suicide Six,Vermont,Vermont,1200,650,550,0,0.0,0,0,0,0,2,1,3,24.0,0.0,0.4,100.0,50.0,100.0,85.0,90.0,45.0,75.0,106.0,0.0,0
288,288,Bryce Resort,Virginia,Virginia,1750,500,1250,0,0.0,0,0,1,0,1,5,7,8.0,0.0,0.4,25.0,25.0,100.0,54.0,30.0,43.0,68.0,95.0,20.0,0
290,290,The Homestead Ski Area,Virginia,Virginia,3200,700,2500,0,0.0,0,0,0,0,1,1,2,10.0,0.0,1.0,45.0,100.0,91.0,60.0,50.0,57.91695652173913,64.16681003584229,100.0,0.0,2
293,293,Alpental,Washington,Washington,5420,2280,3140,0,0.0,0,1,0,0,3,1,5,24.0,0.0,1.2,825.0,174.87323943661968,120.0,52.0,428.0,57.91695652173913,64.16681003584229,144.0,121.0,2
294,294,Bluewood,Washington,Washington,5670,1125,4545,0,0.0,0,0,0,2,0,1,3,24.0,2.0,2.0,355.0,174.87323943661968,70.0,40.0,300.0,42.0,47.0,110.0,0.0,2
298,298,Mt. Spokane Ski and Snowboard Park,Washington,Washington,5889,2000,4200,0,0.0,0,0,0,1,5,1,7,52.0,3.0,0.6,1704.0,174.87323943661968,100.0,81.0,300.0,45.0,59.0,103.0,45.0,2
301,301,White Pass,Washington,Washington,6550,2050,4500,0,0.0,0,2,1,1,2,2,8,45.0,2.0,2.5,1402.0,30.0,148.0,67.0,400.0,69.0,69.0,144.0,90.0,1
302,302,Canaan Valley Resort,West Virginia,West Virginia,4280,850,3430,0,0.0,0,0,1,2,0,1,4,47.0,1.0,1.2,95.0,75.0,115.10394265232976,48.0,160.0,52.0,68.0,93.0,0.0,2
304,304,Timberline Four Seasons,West Virginia,West Virginia,4265,1000,3268,0,0.0,0,0,0,2,1,1,4,40.0,1.0,2.0,100.0,100.0,97.0,37.0,150.0,72.0,92.0,115.0,27.0,2
305,305,Winterplace Ski Resort,West Virginia,West Virginia,3600,603,2997,0,0.0,0,0,2,3,2,2,9,27.0,2.0,1.2,90.0,90.0,120.0,36.0,100.0,56.0,72.0,120.0,74.0,2
308,308,Cascade Mountain,Wisconsin,Wisconsin,1280,460,820,0,0.0,0,2,2,3,2,3,12,47.0,4.0,1.1,175.0,175.0,120.0,57.0,56.0,59.0,64.0,120.0,0.0,0
309,309,Christie Mountain,Wisconsin,Wisconsin,1650,350,1300,0,0.0,0,0,0,0,1,5,6,30.0,4.0,0.8,45.0,41.0,92.0,43.0,48.0,28.0,38.0,120.0,35.0,0
310,310,Christmas Mountain,Wisconsin,Wisconsin,1250,250,1000,0,0.0,0,0,1,0,0,2,3,16.0,0.0,0.4,40.0,40.0,75.0,50.0,20.0,57.91695652173913,64.16681003584229,70.0,40.0,0
312,312,Grand Geneva,Wisconsin,Wisconsin,1086,211,875,0,0.0,0,0,0,0,3,3,6,20.0,1.0,0.2,30.0,30.0,90.0,25.0,25.0,28.0,49.0,93.0,30.0,0
314,314,Little Switzerland,Wisconsin,Wisconsin,1269,200,1069,0,0.0,0,0,0,0,4,4,8,18.0,3.0,1.0,50.0,50.0,115.10394265232976,63.65653495440729,185.31645569620247,33.0,41.0,120.0530035335689,50.0,0
315,315,Mount La Crosse,Wisconsin,Wisconsin,1110,516,594,0,0.0,0,0,0,0,3,1,4,19.0,1.0,0.4,100.0,100.0,115.0,60.0,40.0,56.0,56.0,100.0,90.0,0
316,316,Nordic Mountain,Wisconsin,Wisconsin,1137,265,872,0,0.0,0,0,0,1,1,5,7,18.0,4.0,1.0,60.0,60.0,68.0,43.0,80.0,57.91695652173913,47.0,90.0,60.0,0
317,317,Sunburst,Wisconsin,Wisconsin,1100,214,866,0,0.0,0,0,0,0,3,6,9,13.0,4.0,0.5,37.0,37.0,99.0,59.0,50.0,33.0,44.0,115.0,37.0,0
318,318,Trollhaugen,Wisconsin,Wisconsin,1200,260,920,0,0.0,0,0,2,0,1,5,8,24.0,4.0,0.5,86.0,86.0,130.0,69.0,50.0,54.0,54.0,120.0,86.0,0
319,319,Tyrol Basin,Wisconsin,Wisconsin,1160,300,860,0,0.0,0,0,0,3,0,2,5,18.0,5.0,0.5,32.0,32.0,112.0,61.0,41.0,17.0,48.0,103.0,32.0,0
320,320,Whitecap Mountain,Wisconsin,Wisconsin,1750,400,1295,0,0.0,0,0,1,0,4,0,5,43.0,1.0,1.0,400.0,300.0,105.0,57.0,200.0,60.0,60.0,118.0,0.0,0
323,323,Hogadon Basin,Wyoming,Wyoming,8000,640,7400,0,0.0,0,0,0,0,1,1,2,28.0,1.0,0.6,92.0,32.0,121.0,61.0,80.0,48.0,48.0,95.0,0.0,1
326,326,Sleeping Giant Ski Resort,Wyoming,Wyoming,7428,810,6619,0,0.0,0,0,0,1,1,1,3,48.0,1.0,1.0,184.0,18.0,61.0,81.0,310.0,42.0,42.0,77.0,0.0,1
327,327,Snow King Resort,Wyoming,Wyoming,7808,1571,6237,0,0.0,0,0,1,1,1,0,3,32.0,2.0,1.0,400.0,250.0,121.0,80.0,300.0,59.0,59.0,123.0,110.0,1
328,328,Snowy Range Ski & Recreation Area,Wyoming,Wyoming,9663,990,8798,0,0.0,0,0,0,1,3,1,5,33.0,2.0,0.7,75.0,30.0,131.0,59.0,250.0,49.0,49.0,120.0530035335689,0.0,1
329,329,White Pine Ski Area,Wyoming,Wyoming,9500,1100,8400,0,0.0,0,0,0,2,0,0,2,25.0,0.0,0.4,370.0,174.87323943661968,115.10394265232976,81.0,150.0,57.91695652173913,49.0,120.0530035335689,0.0,1
